{"cameraMode":{"drawMode":0,"name":"Shaded","section":"Shading Mode"},"sceneLighting":true,"audioPlay":false,"sceneViewState":{"m_AlwaysRefresh":false,"showFog":true,"showSkybox":true,"showFlares":true,"showImageEffects":true,"showParticleSystems":true,"showVisualEffectGraphs":true,"m_FxEnabled":true},"in2DMode":false,"pivot":{"x":493.1616516113281,"y":7.4501237869262699,"z":425.5762634277344},"rotation":{"x":-0.005174145568162203,"y":0.991263747215271,"z":-0.03427262231707573,"w":-0.13213898241519929},"size":11.586846351623536,"orthographic":false}