{"cameraMode":{"drawMode":0,"name":"Shaded","section":"Shading Mode"},"sceneLighting":true,"audioPlay":false,"sceneViewState":{"m_AlwaysRefresh":false,"showFog":true,"showSkybox":true,"showFlares":true,"showImageEffects":true,"showParticleSystems":true,"showVisualEffectGraphs":true,"m_FxEnabled":true},"in2DMode":false,"pivot":{"x":634.8385620117188,"y":2.6334428787231447,"z":393.7685241699219},"rotation":{"x":0.043770335614681247,"y":-0.9561572074890137,"z":0.22059305012226106,"w":0.18804502487182618},"size":0.3600063621997833,"orthographic":false}