{"cameraMode":{"drawMode":0,"name":"Shaded","section":"Shading Mode"},"sceneLighting":true,"audioPlay":false,"sceneViewState":{"m_AlwaysRefresh":false,"showFog":true,"showSkybox":true,"showFlares":true,"showImageEffects":true,"showParticleSystems":true,"showVisualEffectGraphs":true,"m_FxEnabled":true},"in2DMode":false,"pivot":{"x":454.38330078125,"y":370.99615478515627,"z":-21.918670654296876},"rotation":{"x":-0.007677854970097542,"y":0.9936094284057617,"z":-0.02251359261572361,"w":-0.11513464897871018},"size":113.31600189208985,"orthographic":false}