{"cameraMode":{"drawMode":0,"name":"Shaded","section":"Shading Mode"},"sceneLighting":false,"audioPlay":false,"sceneViewState":{"m_AlwaysRefresh":false,"showFog":true,"showSkybox":false,"showFlares":true,"showImageEffects":true,"showParticleSystems":true,"showVisualEffectGraphs":true,"m_FxEnabled":true},"in2DMode":false,"pivot":{"x":0.3669436573982239,"y":0.05347096920013428,"z":0.1934877634048462},"rotation":{"x":0.031414151191711429,"y":0.9669878482818604,"z":-0.20493149757385255,"w":0.1489587277173996},"size":1.0719176530838013,"orthographic":false}