{"cameraMode":{"drawMode":0,"name":"Shaded","section":"Shading Mode"},"sceneLighting":false,"audioPlay":false,"sceneViewState":{"m_AlwaysRefresh":false,"showFog":true,"showSkybox":false,"showFlares":true,"showImageEffects":true,"showParticleSystems":true,"showVisualEffectGraphs":true,"m_FxEnabled":true},"in2DMode":false,"pivot":{"x":8.71002197265625,"y":1.3820000886917115,"z":5.579986572265625},"rotation":{"x":0.006667202804237604,"y":0.9905224442481995,"z":-0.12730780243873597,"w":0.05337703973054886},"size":0.9454238414764404,"orthographic":false}