{"cameraMode":{"drawMode":0,"name":"Shaded","section":"Shading Mode"},"sceneLighting":false,"audioPlay":false,"sceneViewState":{"m_AlwaysRefresh":false,"showFog":true,"showSkybox":false,"showFlares":true,"showImageEffects":true,"showParticleSystems":true,"showVisualEffectGraphs":true,"m_FxEnabled":true},"in2DMode":false,"pivot":{"x":497.16131591796877,"y":19.565471649169923,"z":241.39321899414063},"rotation":{"x":0.012299008667469025,"y":0.6687118411064148,"z":-0.011225896887481213,"w":0.7441992163658142},"size":14.359851837158204,"orthographic":false}